{"cameraMode":{"drawMode":0,"name":"Shaded","section":"Shading Mode"},"sceneLighting":false,"audioPlay":false,"sceneViewState":{"showFog":true,"showMaterialUpdate":false,"showSkybox":false,"showFlares":true,"showImageEffects":true,"showParticleSystems":true},"in2DMode":false,"pivot":{"x":-0.5870752930641174,"y":-3.138066053390503,"z":11.092467308044434},"rotation":{"x":-0.07059989124536514,"y":0.915720522403717,"z":-0.3497174084186554,"w":-0.18486250936985017},"size":1.2017301321029664,"orthographic":false}